Plate,Repeat,Well,Type,Time,Absorbance @ 405 (0.1s) (A),label
1,1,A01,M,00:00:18.72,0.076,GSH 0
1,1,A02,M,00:00:19.62,0.210,GSH 8
1,1,A03,M,00:00:20.51,0.363,GSH 16
1,1,A04,M,00:00:21.40,0.580,GSH 24
1,1,A05,M,00:00:22.29,0.812,GSH 32
1,1,A06,M,00:00:23.18,1.066,GSH 40
1,1,A07,M,00:00:24.07,0.203,PC 2
1,1,A08,M,00:00:24.96,0.096,PC 10
1,1,A09,M,00:00:25.84,0.186,PC 20
1,1,A10,M,00:00:26.73,0.270,A1
1,1,A11,M,00:00:27.62,0.248,A1
1,1,A12,M,00:00:28.51,0.261,A1
1,1,B01,M,00:00:31.85,0.267,A2
1,1,B02,M,00:00:32.73,0.288,A2
1,1,B03,M,00:00:33.62,0.278,A2
1,1,B04,M,00:00:34.51,0.238,B1
1,1,B05,M,00:00:35.40,0.218,B1
1,1,B06,M,00:00:36.29,0.228,B1
1,1,B07,M,00:00:37.18,0.283,B2
1,1,B08,M,00:00:38.07,0.237,B2
1,1,B09,M,00:00:38.96,0.236,B2
1,1,B10,M,00:00:39.84,0.206,B3
1,1,B11,M,00:00:40.73,0.241,B3
1,1,B12,M,00:00:41.62,0.165,B3
1,1,C01,M,00:00:44.96,0.182,B4
1,1,C02,M,00:00:45.84,0.272,B4
1,1,C03,M,00:00:46.73,0.185,B4
1,1,C04,M,00:00:47.62,0.158,C1
1,1,C05,M,00:00:48.51,0.138,C1
1,1,C06,M,00:00:49.40,0.137,C1
1,1,C07,M,00:00:50.29,0.158,C2
1,1,C08,M,00:00:51.18,0.144,C2
1,1,C09,M,00:00:52.07,0.140,C2
1,1,C10,M,00:00:52.96,0.201,D2
1,1,C11,M,00:00:53.84,0.202,D2
1,1,C12,M,00:00:54.73,0.201,D2
1,1,D01,M,00:00:58.07,0.166,D3
1,1,D02,M,00:00:58.95,0.166,D3
1,1,D03,M,00:00:59.84,0.167,D3
1,1,D04,M,00:01:00.73,0.198,A3
1,1,D05,M,00:01:01.62,0.199,A3
1,1,D06,M,00:01:02.51,0.200,A3
1,2,A01,M,00:01:41.17,0.075,GSH 0
1,2,A02,M,00:01:42.07,0.209,GSH 8
1,2,A03,M,00:01:42.95,0.361,GSH 16
1,2,A04,M,00:01:43.84,0.577,GSH 24
1,2,A05,M,00:01:44.73,0.808,GSH 32
1,2,A06,M,00:01:45.62,1.062,GSH 40
1,2,A07,M,00:01:46.51,0.206,PC 2
1,2,A08,M,00:01:47.40,0.097,PC 10
1,2,A09,M,00:01:48.29,0.189,PC 20
1,2,A10,M,00:01:49.18,0.269,A1
1,2,A11,M,00:01:50.07,0.262,A1
1,2,A12,M,00:01:50.95,0.276,A1
1,2,B01,M,00:01:54.29,0.272,A2
1,2,B02,M,00:01:55.18,0.290,A2
1,2,B03,M,00:01:56.07,0.286,A2
1,2,B04,M,00:01:56.95,0.234,B1
1,2,B05,M,00:01:57.84,0.217,B1
1,2,B06,M,00:01:58.73,0.218,B1
1,2,B07,M,00:01:59.62,0.274,B2
1,2,B08,M,00:02:00.51,0.231,B2
1,2,B09,M,00:02:01.40,0.225,B2
1,2,B10,M,00:02:02.29,0.202,B3
1,2,B11,M,00:02:03.18,0.238,B3
1,2,B12,M,00:02:04.07,0.169,B3
1,2,C01,M,00:02:07.40,0.177,B4
1,2,C02,M,00:02:08.29,0.272,B4
1,2,C03,M,00:02:09.18,0.174,B4
1,2,C04,M,00:02:10.06,0.159,C1
1,2,C05,M,00:02:10.95,0.136,C1
1,2,C06,M,00:02:11.84,0.135,C1
1,2,C07,M,00:02:12.73,0.160,C2
1,2,C08,M,00:02:13.62,0.144,C2
1,2,C09,M,00:02:14.51,0.139,C2
1,2,C10,M,00:02:15.40,0.203,D2
1,2,C11,M,00:02:16.29,0.203,D2
1,2,C12,M,00:02:17.18,0.202,D2
1,2,D01,M,00:02:20.51,0.168,D3
1,2,D02,M,00:02:21.40,0.169,D3
1,2,D03,M,00:02:22.29,0.170,D3
1,2,D04,M,00:02:23.18,0.196,A3
1,2,D05,M,00:02:24.06,0.198,A3
1,2,D06,M,00:02:24.95,0.204,A3
1,3,A01,M,00:03:03.55,0.076,GSH 0
1,3,A02,M,00:03:04.45,0.209,GSH 8
1,3,A03,M,00:03:05.34,0.360,GSH 16
1,3,A04,M,00:03:06.23,0.576,GSH 24
1,3,A05,M,00:03:07.12,0.805,GSH 32
1,3,A06,M,00:03:08.01,1.059,GSH 40
1,3,A07,M,00:03:08.90,0.209,PC 2
1,3,A08,M,00:03:09.79,0.098,PC 10
1,3,A09,M,00:03:10.68,0.194,PC 20
1,3,A10,M,00:03:11.56,0.272,A1
1,3,A11,M,00:03:12.45,0.263,A1
1,3,A12,M,00:03:13.34,0.278,A1
1,3,B01,M,00:03:16.68,0.269,A2
1,3,B02,M,00:03:17.56,0.285,A2
1,3,B03,M,00:03:18.45,0.285,A2
1,3,B04,M,00:03:19.34,0.230,B1
1,3,B05,M,00:03:20.23,0.216,B1
1,3,B06,M,00:03:21.12,0.217,B1
1,3,B07,M,00:03:22.01,0.273,B2
1,3,B08,M,00:03:22.90,0.229,B2
1,3,B09,M,00:03:23.79,0.224,B2
1,3,B10,M,00:03:24.67,0.200,B3
1,3,B11,M,00:03:25.56,0.237,B3
1,3,B12,M,00:03:26.45,0.169,B3
1,3,C01,M,00:03:29.79,0.176,B4
1,3,C02,M,00:03:30.67,0.270,B4
1,3,C03,M,00:03:31.56,0.174,B4
1,3,C04,M,00:03:32.45,0.157,C1
1,3,C05,M,00:03:33.34,0.134,C1
1,3,C06,M,00:03:34.23,0.133,C1
1,3,C07,M,00:03:35.12,0.160,C2
1,3,C08,M,00:03:36.01,0.144,C2
1,3,C09,M,00:03:36.90,0.136,C2
1,3,C10,M,00:03:37.79,0.206,D2
1,3,C11,M,00:03:38.67,0.205,D2
1,3,C12,M,00:03:39.56,0.205,D2
1,3,D01,M,00:03:42.90,0.172,D3
1,3,D02,M,00:03:43.79,0.171,D3
1,3,D03,M,00:03:44.67,0.173,D3
1,3,D04,M,00:03:45.56,0.197,A3
1,3,D05,M,00:03:46.45,0.199,A3
1,3,D06,M,00:03:47.34,0.202,A3
1,4,A01,M,00:04:25.89,0.076,GSH 0
1,4,A02,M,00:04:26.78,0.208,GSH 8
1,4,A03,M,00:04:27.67,0.359,GSH 16
1,4,A04,M,00:04:28.56,0.574,GSH 24
1,4,A05,M,00:04:29.45,0.802,GSH 32
1,4,A06,M,00:04:30.34,1.055,GSH 40
1,4,A07,M,00:04:31.23,0.213,PC 2
1,4,A08,M,00:04:32.12,0.100,PC 10
1,4,A09,M,00:04:33.01,0.200,PC 20
1,4,A10,M,00:04:33.90,0.274,A1
1,4,A11,M,00:04:34.78,0.264,A1
1,4,A12,M,00:04:35.67,0.278,A1
1,4,B01,M,00:04:39.01,0.268,A2
1,4,B02,M,00:04:39.90,0.285,A2
1,4,B03,M,00:04:40.78,0.286,A2
1,4,B04,M,00:04:41.67,0.228,B1
1,4,B05,M,00:04:42.56,0.214,B1
1,4,B06,M,00:04:43.45,0.217,B1
1,4,B07,M,00:04:44.34,0.270,B2
1,4,B08,M,00:04:45.23,0.227,B2
1,4,B09,M,00:04:46.12,0.223,B2
1,4,B10,M,00:04:47.01,0.199,B3
1,4,B11,M,00:04:47.90,0.237,B3
1,4,B12,M,00:04:48.78,0.169,B3
1,4,C01,M,00:04:52.12,0.176,B4
1,4,C02,M,00:04:53.01,0.270,B4
1,4,C03,M,00:04:53.90,0.174,B4
1,4,C04,M,00:04:54.78,0.155,C1
1,4,C05,M,00:04:55.67,0.133,C1
1,4,C06,M,00:04:56.56,0.131,C1
1,4,C07,M,00:04:57.45,0.157,C2
1,4,C08,M,00:04:58.34,0.141,C2
1,4,C09,M,00:04:59.23,0.135,C2
1,4,C10,M,00:05:00.12,0.208,D2
1,4,C11,M,00:05:01.01,0.208,D2
1,4,C12,M,00:05:01.90,0.209,D2
1,4,D01,M,00:05:05.23,0.177,D3
1,4,D02,M,00:05:06.12,0.174,D3
1,4,D03,M,00:05:07.01,0.177,D3
1,4,D04,M,00:05:07.90,0.200,A3
1,4,D05,M,00:05:08.78,0.200,A3
1,4,D06,M,00:05:09.67,0.202,A3
1,5,A01,M,00:05:48.39,0.076,GSH 0
1,5,A02,M,00:05:49.28,0.208,GSH 8
1,5,A03,M,00:05:50.17,0.358,GSH 16
1,5,A04,M,00:05:51.06,0.572,GSH 24
1,5,A05,M,00:05:51.95,0.800,GSH 32
1,5,A06,M,00:05:52.84,1.051,GSH 40
1,5,A07,M,00:05:53.73,0.217,PC 2
1,5,A08,M,00:05:54.62,0.102,PC 10
1,5,A09,M,00:05:55.51,0.205,PC 20
1,5,A10,M,00:05:56.39,0.275,A1
1,5,A11,M,00:05:57.28,0.266,A1
1,5,A12,M,00:05:58.17,0.280,A1
1,5,B01,M,00:06:01.51,0.268,A2
1,5,B02,M,00:06:02.39,0.285,A2
1,5,B03,M,00:06:03.28,0.288,A2
1,5,B04,M,00:06:04.17,0.228,B1
1,5,B05,M,00:06:05.06,0.215,B1
1,5,B06,M,00:06:05.95,0.218,B1
1,5,B07,M,00:06:06.84,0.269,B2
1,5,B08,M,00:06:07.73,0.227,B2
1,5,B09,M,00:06:08.62,0.223,B2
1,5,B10,M,00:06:09.51,0.200,B3
1,5,B11,M,00:06:10.39,0.236,B3
1,5,B12,M,00:06:11.28,0.170,B3
1,5,C01,M,00:06:14.62,0.177,B4
1,5,C02,M,00:06:15.51,0.269,B4
1,5,C03,M,00:06:16.39,0.174,B4
1,5,C04,M,00:06:17.28,0.154,C1
1,5,C05,M,00:06:18.17,0.134,C1
1,5,C06,M,00:06:19.06,0.132,C1
1,5,C07,M,00:06:19.95,0.152,C2
1,5,C08,M,00:06:20.84,0.138,C2
1,5,C09,M,00:06:21.73,0.135,C2
1,5,C10,M,00:06:22.62,0.211,D2
1,5,C11,M,00:06:23.51,0.211,D2
1,5,C12,M,00:06:24.39,0.212,D2
1,5,D01,M,00:06:27.73,0.182,D3
1,5,D02,M,00:06:28.62,0.179,D3
1,5,D03,M,00:06:29.50,0.180,D3
1,5,D04,M,00:06:30.39,0.202,A3
1,5,D05,M,00:06:31.28,0.201,A3
1,5,D06,M,00:06:32.17,0.204,A3
1,6,A01,M,00:07:10.72,0.077,GSH 0
1,6,A02,M,00:07:11.62,0.208,GSH 8
1,6,A03,M,00:07:12.50,0.358,GSH 16
1,6,A04,M,00:07:13.39,0.570,GSH 24
1,6,A05,M,00:07:14.28,0.798,GSH 32
1,6,A06,M,00:07:15.17,1.048,GSH 40
1,6,A07,M,00:07:16.06,0.221,PC 2
1,6,A08,M,00:07:16.95,0.104,PC 10
1,6,A09,M,00:07:17.84,0.210,PC 20
1,6,A10,M,00:07:18.73,0.278,A1
1,6,A11,M,00:07:19.62,0.269,A1
1,6,A12,M,00:07:20.50,0.283,A1
1,6,B01,M,00:07:23.84,0.270,A2
1,6,B02,M,00:07:24.73,0.286,A2
1,6,B03,M,00:07:25.62,0.289,A2
1,6,B04,M,00:07:26.50,0.229,B1
1,6,B05,M,00:07:27.39,0.216,B1
1,6,B06,M,00:07:28.28,0.219,B1
1,6,B07,M,00:07:29.17,0.269,B2
1,6,B08,M,00:07:30.06,0.228,B2
1,6,B09,M,00:07:30.95,0.224,B2
1,6,B10,M,00:07:31.84,0.200,B3
1,6,B11,M,00:07:32.73,0.238,B3
1,6,B12,M,00:07:33.62,0.172,B3
1,6,C01,M,00:07:36.95,0.178,B4
1,6,C02,M,00:07:37.84,0.272,B4
1,6,C03,M,00:07:38.73,0.175,B4
1,6,C04,M,00:07:39.61,0.155,C1
1,6,C05,M,00:07:40.50,0.134,C1
1,6,C06,M,00:07:41.39,0.134,C1
1,6,C07,M,00:07:42.28,0.151,C2
1,6,C08,M,00:07:43.17,0.138,C2
1,6,C09,M,00:07:44.06,0.137,C2
1,6,C10,M,00:07:44.95,0.215,D2
1,6,C11,M,00:07:45.84,0.215,D2
1,6,C12,M,00:07:46.73,0.217,D2
1,6,D01,M,00:07:50.06,0.187,D3
1,6,D02,M,00:07:50.95,0.183,D3
1,6,D03,M,00:07:51.84,0.185,D3
1,6,D04,M,00:07:52.73,0.205,A3
1,6,D05,M,00:07:53.61,0.203,A3
1,6,D06,M,00:07:54.50,0.206,A3
1,7,A01,M,00:08:33.10,0.077,GSH 0
1,7,A02,M,00:08:34.00,0.207,GSH 8
1,7,A03,M,00:08:34.89,0.356,GSH 16
1,7,A04,M,00:08:35.78,0.568,GSH 24
1,7,A05,M,00:08:36.67,0.795,GSH 32
1,7,A06,M,00:08:37.56,1.045,GSH 40
1,7,A07,M,00:08:38.45,0.225,PC 2
1,7,A08,M,00:08:39.34,0.106,PC 10
1,7,A09,M,00:08:40.23,0.215,PC 20
1,7,A10,M,00:08:41.11,0.280,A1
1,7,A11,M,00:08:42.00,0.271,A1
1,7,A12,M,00:08:42.89,0.286,A1
1,7,B01,M,00:08:46.23,0.270,A2
1,7,B02,M,00:08:47.11,0.286,A2
1,7,B03,M,00:08:48.00,0.290,A2
1,7,B04,M,00:08:48.89,0.229,B1
1,7,B05,M,00:08:49.78,0.217,B1
1,7,B06,M,00:08:50.67,0.220,B1
1,7,B07,M,00:08:51.56,0.269,B2
1,7,B08,M,00:08:52.45,0.229,B2
1,7,B09,M,00:08:53.34,0.224,B2
1,7,B10,M,00:08:54.23,0.201,B3
1,7,B11,M,00:08:55.11,0.238,B3
1,7,B12,M,00:08:56.00,0.172,B3
1,7,C01,M,00:08:59.34,0.179,B4
1,7,C02,M,00:09:00.23,0.272,B4
1,7,C03,M,00:09:01.11,0.177,B4
1,7,C04,M,00:09:02.00,0.155,C1
1,7,C05,M,00:09:02.89,0.135,C1
1,7,C06,M,00:09:03.78,0.135,C1
1,7,C07,M,00:09:04.67,0.152,C2
1,7,C08,M,00:09:05.56,0.139,C2
1,7,C09,M,00:09:06.45,0.137,C2
1,7,C10,M,00:09:07.34,0.219,D2
1,7,C11,M,00:09:08.23,0.219,D2
1,7,C12,M,00:09:09.11,0.221,D2
1,7,D01,M,00:09:12.45,0.192,D3
1,7,D02,M,00:09:13.34,0.189,D3
1,7,D03,M,00:09:14.22,0.190,D3
1,7,D04,M,00:09:15.11,0.207,A3
1,7,D05,M,00:09:16.00,0.206,A3
1,7,D06,M,00:09:16.89,0.209,A3
1,8,A01,M,00:09:55.55,0.077,GSH 0
1,8,A02,M,00:09:56.45,0.207,GSH 8
1,8,A03,M,00:09:57.34,0.356,GSH 16
1,8,A04,M,00:09:58.22,0.566,GSH 24
1,8,A05,M,00:09:59.11,0.793,GSH 32
1,8,A06,M,00:10:00.00,1.042,GSH 40
1,8,A07,M,00:10:00.89,0.229,PC 2
1,8,A08,M,00:10:01.78,0.107,PC 10
1,8,A09,M,00:10:02.67,0.220,PC 20
1,8,A10,M,00:10:03.56,0.282,A1
1,8,A11,M,00:10:04.45,0.273,A1
1,8,A12,M,00:10:05.34,0.288,A1
1,8,B01,M,00:10:08.67,0.272,A2
1,8,B02,M,00:10:09.56,0.288,A2
1,8,B03,M,00:10:10.45,0.293,A2
1,8,B04,M,00:10:11.33,0.230,B1
1,8,B05,M,00:10:12.22,0.218,B1
1,8,B06,M,00:10:13.11,0.221,B1
1,8,B07,M,00:10:14.00,0.269,B2
1,8,B08,M,00:10:14.89,0.230,B2
1,8,B09,M,00:10:15.78,0.225,B2
1,8,B10,M,00:10:16.67,0.202,B3
1,8,B11,M,00:10:17.56,0.240,B3
1,8,B12,M,00:10:18.45,0.174,B3
1,8,C01,M,00:10:21.78,0.180,B4
1,8,C02,M,00:10:22.67,0.273,B4
1,8,C03,M,00:10:23.56,0.177,B4
1,8,C04,M,00:10:24.45,0.156,C1
1,8,C05,M,00:10:25.33,0.136,C1
1,8,C06,M,00:10:26.22,0.136,C1
1,8,C07,M,00:10:27.11,0.152,C2
1,8,C08,M,00:10:28.00,0.140,C2
1,8,C09,M,00:10:28.89,0.138,C2
1,8,C10,M,00:10:29.78,0.223,D2
1,8,C11,M,00:10:30.67,0.223,D2
1,8,C12,M,00:10:31.56,0.227,D2
1,8,D01,M,00:10:34.89,0.197,D3
1,8,D02,M,00:10:35.78,0.193,D3
1,8,D03,M,00:10:36.67,0.194,D3
1,8,D04,M,00:10:37.56,0.211,A3
1,8,D05,M,00:10:38.45,0.208,A3
1,8,D06,M,00:10:39.33,0.212,A3
1,9,A01,M,00:11:17.94,0.077,GSH 0
1,9,A02,M,00:11:18.83,0.206,GSH 8
1,9,A03,M,00:11:19.72,0.355,GSH 16
1,9,A04,M,00:11:20.61,0.565,GSH 24
1,9,A05,M,00:11:21.50,0.790,GSH 32
1,9,A06,M,00:11:22.39,1.039,GSH 40
1,9,A07,M,00:11:23.28,0.233,PC 2
1,9,A08,M,00:11:24.17,0.109,PC 10
1,9,A09,M,00:11:25.06,0.225,PC 20
1,9,A10,M,00:11:25.94,0.285,A1
1,9,A11,M,00:11:26.83,0.276,A1
1,9,A12,M,00:11:27.72,0.291,A1
1,9,B01,M,00:11:31.06,0.276,A2
1,9,B02,M,00:11:31.94,0.291,A2
1,9,B03,M,00:11:32.83,0.294,A2
1,9,B04,M,00:11:33.72,0.232,B1
1,9,B05,M,00:11:34.61,0.219,B1
1,9,B06,M,00:11:35.50,0.222,B1
1,9,B07,M,00:11:36.39,0.270,B2
1,9,B08,M,00:11:37.28,0.231,B2
1,9,B09,M,00:11:38.17,0.227,B2
1,9,B10,M,00:11:39.06,0.203,B3
1,9,B11,M,00:11:39.94,0.241,B3
1,9,B12,M,00:11:40.83,0.176,B3
1,9,C01,M,00:11:44.17,0.182,B4
1,9,C02,M,00:11:45.06,0.275,B4
1,9,C03,M,00:11:45.94,0.179,B4
1,9,C04,M,00:11:46.83,0.157,C1
1,9,C05,M,00:11:47.72,0.138,C1
1,9,C06,M,00:11:48.61,0.137,C1
1,9,C07,M,00:11:49.50,0.155,C2
1,9,C08,M,00:11:50.39,0.141,C2
1,9,C09,M,00:11:51.28,0.140,C2
1,9,C10,M,00:11:52.17,0.228,D2
1,9,C11,M,00:11:53.06,0.228,D2
1,9,C12,M,00:11:53.94,0.231,D2
1,9,D01,M,00:11:57.28,0.203,D3
1,9,D02,M,00:11:58.17,0.199,D3
1,9,D03,M,00:11:59.06,0.198,D3
1,9,D04,M,00:11:59.94,0.213,A3
1,9,D05,M,00:12:00.83,0.211,A3
1,9,D06,M,00:12:01.72,0.215,A3
1,10,A01,M,00:12:40.38,0.077,GSH 0
1,10,A02,M,00:12:41.28,0.206,GSH 8
1,10,A03,M,00:12:42.17,0.354,GSH 16
1,10,A04,M,00:12:43.05,0.563,GSH 24
1,10,A05,M,00:12:43.94,0.788,GSH 32
1,10,A06,M,00:12:44.83,1.036,GSH 40
1,10,A07,M,00:12:45.72,0.237,PC 2
1,10,A08,M,00:12:46.61,0.111,PC 10
1,10,A09,M,00:12:47.50,0.229,PC 20
1,10,A10,M,00:12:48.39,0.288,A1
1,10,A11,M,00:12:49.28,0.279,A1
1,10,A12,M,00:12:50.17,0.294,A1
1,10,B01,M,00:12:53.50,0.277,A2
1,10,B02,M,00:12:54.39,0.293,A2
1,10,B03,M,00:12:55.28,0.297,A2
1,10,B04,M,00:12:56.17,0.233,B1
1,10,B05,M,00:12:57.05,0.220,B1
1,10,B06,M,00:12:57.94,0.223,B1
1,10,B07,M,00:12:58.83,0.271,B2
1,10,B08,M,00:12:59.72,0.233,B2
1,10,B09,M,00:13:00.61,0.228,B2
1,10,B10,M,00:13:01.50,0.203,B3
1,10,B11,M,00:13:02.39,0.241,B3
1,10,B12,M,00:13:03.28,0.177,B3
1,10,C01,M,00:13:06.61,0.183,B4
1,10,C02,M,00:13:07.50,0.276,B4
1,10,C03,M,00:13:08.39,0.180,B4
1,10,C04,M,00:13:09.28,0.157,C1
1,10,C05,M,00:13:10.16,0.139,C1
1,10,C06,M,00:13:11.05,0.137,C1
1,10,C07,M,00:13:11.94,0.154,C2
1,10,C08,M,00:13:12.83,0.142,C2
1,10,C09,M,00:13:13.72,0.141,C2
1,10,C10,M,00:13:14.61,0.233,D2
1,10,C11,M,00:13:15.50,0.233,D2
1,10,C12,M,00:13:16.39,0.236,D2
1,10,D01,M,00:13:19.72,0.210,D3
1,10,D02,M,00:13:20.61,0.204,D3
1,10,D03,M,00:13:21.50,0.205,D3
1,10,D04,M,00:13:22.39,0.217,A3
1,10,D05,M,00:13:23.28,0.215,A3
1,10,D06,M,00:13:24.16,0.219,A3
1,11,A01,M,00:14:02.77,0.077,GSH 0
1,11,A02,M,00:14:03.66,0.204,GSH 8
1,11,A03,M,00:14:04.55,0.352,GSH 16
1,11,A04,M,00:14:05.44,0.561,GSH 24
1,11,A05,M,00:14:06.33,0.785,GSH 32
1,11,A06,M,00:14:07.22,1.033,GSH 40
1,11,A07,M,00:14:08.11,0.241,PC 2
1,11,A08,M,00:14:09.00,0.112,PC 10
1,11,A09,M,00:14:09.89,0.234,PC 20
1,11,A10,M,00:14:10.78,0.290,A1
1,11,A11,M,00:14:11.66,0.281,A1
1,11,A12,M,00:14:12.55,0.297,A1
1,11,B01,M,00:14:15.89,0.280,A2
1,11,B02,M,00:14:16.78,0.295,A2
1,11,B03,M,00:14:17.66,0.298,A2
1,11,B04,M,00:14:18.55,0.234,B1
1,11,B05,M,00:14:19.44,0.222,B1
1,11,B06,M,00:14:20.33,0.225,B1
1,11,B07,M,00:14:21.22,0.272,B2
1,11,B08,M,00:14:22.11,0.234,B2
1,11,B09,M,00:14:23.00,0.230,B2
1,11,B10,M,00:14:23.89,0.205,B3
1,11,B11,M,00:14:24.78,0.243,B3
1,11,B12,M,00:14:25.66,0.176,B3
1,11,C01,M,00:14:29.00,0.185,B4
1,11,C02,M,00:14:29.89,0.278,B4
1,11,C03,M,00:14:30.77,0.182,B4
1,11,C04,M,00:14:31.66,0.159,C1
1,11,C05,M,00:14:32.55,0.140,C1
1,11,C06,M,00:14:33.44,0.138,C1
1,11,C07,M,00:14:34.33,0.155,C2
1,11,C08,M,00:14:35.22,0.143,C2
1,11,C09,M,00:14:36.11,0.142,C2
1,11,C10,M,00:14:37.00,0.237,D2
1,11,C11,M,00:14:37.89,0.237,D2
1,11,C12,M,00:14:38.78,0.241,D2
1,11,D01,M,00:14:42.11,0.214,D3
1,11,D02,M,00:14:43.00,0.210,D3
1,11,D03,M,00:14:43.89,0.209,D3
1,11,D04,M,00:14:44.77,0.220,A3
1,11,D05,M,00:14:45.66,0.218,A3
1,11,D06,M,00:14:46.55,0.222,A3
1,12,A01,M,00:15:25.15,0.077,GSH 0
1,12,A02,M,00:15:26.05,0.204,GSH 8
1,12,A03,M,00:15:26.94,0.351,GSH 16
1,12,A04,M,00:15:27.83,0.559,GSH 24
1,12,A05,M,00:15:28.72,0.784,GSH 32
1,12,A06,M,00:15:29.61,1.031,GSH 40
1,12,A07,M,00:15:30.50,0.246,PC 2
1,12,A08,M,00:15:31.38,0.114,PC 10
1,12,A09,M,00:15:32.27,0.238,PC 20
1,12,A10,M,00:15:33.16,0.293,A1
1,12,A11,M,00:15:34.05,0.284,A1
1,12,A12,M,00:15:34.94,0.300,A1
1,12,B01,M,00:15:38.28,0.283,A2
1,12,B02,M,00:15:39.16,0.297,A2
1,12,B03,M,00:15:40.05,0.301,A2
1,12,B04,M,00:15:40.94,0.235,B1
1,12,B05,M,00:15:41.83,0.223,B1
1,12,B06,M,00:15:42.72,0.226,B1
1,12,B07,M,00:15:43.61,0.274,B2
1,12,B08,M,00:15:44.50,0.235,B2
1,12,B09,M,00:15:45.38,0.231,B2
1,12,B10,M,00:15:46.27,0.207,B3
1,12,B11,M,00:15:47.16,0.244,B3
1,12,B12,M,00:15:48.05,0.180,B3
1,12,C01,M,00:15:51.39,0.187,B4
1,12,C02,M,00:15:52.27,0.278,B4
1,12,C03,M,00:15:53.16,0.184,B4
1,12,C04,M,00:15:54.05,0.160,C1
1,12,C05,M,00:15:54.94,0.141,C1
1,12,C06,M,00:15:55.83,0.139,C1
1,12,C07,M,00:15:56.72,0.156,C2
1,12,C08,M,00:15:57.61,0.145,C2
1,12,C09,M,00:15:58.50,0.143,C2
1,12,C10,M,00:15:59.38,0.242,D2
1,12,C11,M,00:16:00.27,0.242,D2
1,12,C12,M,00:16:01.16,0.246,D2
1,12,D01,M,00:16:04.50,0.221,D3
1,12,D02,M,00:16:05.38,0.214,D3
1,12,D03,M,00:16:06.27,0.213,D3
1,12,D04,M,00:16:07.16,0.224,A3
1,12,D05,M,00:16:08.05,0.221,A3
1,12,D06,M,00:16:08.94,0.225,A3
1,13,A01,M,00:16:47.60,0.077,GSH 0
1,13,A02,M,00:16:48.49,0.204,GSH 8
1,13,A03,M,00:16:49.38,0.350,GSH 16
1,13,A04,M,00:16:50.27,0.557,GSH 24
1,13,A05,M,00:16:51.16,0.781,GSH 32
1,13,A06,M,00:16:52.05,1.027,GSH 40
1,13,A07,M,00:16:52.94,0.250,PC 2
1,13,A08,M,00:16:53.83,0.116,PC 10
1,13,A09,M,00:16:54.72,0.242,PC 20
1,13,A10,M,00:16:55.61,0.296,A1
1,13,A11,M,00:16:56.50,0.287,A1
1,13,A12,M,00:16:57.38,0.302,A1
1,13,B01,M,00:17:00.72,0.286,A2
1,13,B02,M,00:17:01.61,0.300,A2
1,13,B03,M,00:17:02.49,0.303,A2
1,13,B04,M,00:17:03.38,0.236,B1
1,13,B05,M,00:17:04.27,0.225,B1
1,13,B06,M,00:17:05.16,0.227,B1
1,13,B07,M,00:17:06.05,0.274,B2
1,13,B08,M,00:17:06.94,0.237,B2
1,13,B09,M,00:17:07.83,0.232,B2
1,13,B10,M,00:17:08.72,0.208,B3
1,13,B11,M,00:17:09.61,0.245,B3
1,13,B12,M,00:17:10.49,0.181,B3
1,13,C01,M,00:17:13.83,0.188,B4
1,13,C02,M,00:17:14.72,0.279,B4
1,13,C03,M,00:17:15.61,0.185,B4
1,13,C04,M,00:17:16.49,0.160,C1
1,13,C05,M,00:17:17.38,0.142,C1
1,13,C06,M,00:17:18.27,0.142,C1
1,13,C07,M,00:17:19.16,0.158,C2
1,13,C08,M,00:17:20.05,0.146,C2
1,13,C09,M,00:17:20.94,0.144,C2
1,13,C10,M,00:17:21.83,0.247,D2
1,13,C11,M,00:17:22.72,0.247,D2
1,13,C12,M,00:17:23.61,0.251,D2
1,13,D01,M,00:17:26.94,0.227,D3
1,13,D02,M,00:17:27.83,0.219,D3
1,13,D03,M,00:17:28.72,0.220,D3
1,13,D04,M,00:17:29.61,0.226,A3
1,13,D05,M,00:17:30.49,0.224,A3
1,13,D06,M,00:17:31.39,0.230,A3
1,14,A01,M,00:18:09.98,0.077,GSH 0
1,14,A02,M,00:18:10.88,0.203,GSH 8
1,14,A03,M,00:18:11.77,0.348,GSH 16
1,14,A04,M,00:18:12.66,0.555,GSH 24
1,14,A05,M,00:18:13.55,0.778,GSH 32
1,14,A06,M,00:18:14.44,1.024,GSH 40
1,14,A07,M,00:18:15.33,0.255,PC 2
1,14,A08,M,00:18:16.22,0.117,PC 10
1,14,A09,M,00:18:17.10,0.246,PC 20
1,14,A10,M,00:18:17.99,0.298,A1
1,14,A11,M,00:18:18.88,0.289,A1
1,14,A12,M,00:18:19.77,0.305,A1
1,14,B01,M,00:18:23.11,0.289,A2
1,14,B02,M,00:18:23.99,0.302,A2
1,14,B03,M,00:18:24.88,0.305,A2
1,14,B04,M,00:18:25.77,0.237,B1
1,14,B05,M,00:18:26.66,0.226,B1
1,14,B06,M,00:18:27.55,0.228,B1
1,14,B07,M,00:18:28.44,0.276,B2
1,14,B08,M,00:18:29.33,0.237,B2
1,14,B09,M,00:18:30.22,0.233,B2
1,14,B10,M,00:18:31.10,0.209,B3
1,14,B11,M,00:18:31.99,0.245,B3
1,14,B12,M,00:18:32.88,0.182,B3
1,14,C01,M,00:18:36.22,0.189,B4
1,14,C02,M,00:18:37.10,0.284,B4
1,14,C03,M,00:18:37.99,0.185,B4
1,14,C04,M,00:18:38.88,0.160,C1
1,14,C05,M,00:18:39.77,0.143,C1
1,14,C06,M,00:18:40.66,0.142,C1
1,14,C07,M,00:18:41.55,0.158,C2
1,14,C08,M,00:18:42.44,0.147,C2
1,14,C09,M,00:18:43.33,0.145,C2
1,14,C10,M,00:18:44.22,0.251,D2
1,14,C11,M,00:18:45.10,0.251,D2
1,14,C12,M,00:18:45.99,0.256,D2
1,14,D01,M,00:18:49.33,0.232,D3
1,14,D02,M,00:18:50.22,0.225,D3
1,14,D03,M,00:18:51.10,0.225,D3
1,14,D04,M,00:18:51.99,0.229,A3
1,14,D05,M,00:18:52.88,0.228,A3
1,14,D06,M,00:18:53.77,0.232,A3
1,15,A01,M,00:19:32.32,0.077,GSH 0
1,15,A02,M,00:19:33.21,0.202,GSH 8
1,15,A03,M,00:19:34.10,0.347,GSH 16
1,15,A04,M,00:19:34.99,0.553,GSH 24
1,15,A05,M,00:19:35.88,0.775,GSH 32
1,15,A06,M,00:19:36.77,1.021,GSH 40
1,15,A07,M,00:19:37.66,0.260,PC 2
1,15,A08,M,00:19:38.55,0.118,PC 10
1,15,A09,M,00:19:39.44,0.251,PC 20
1,15,A10,M,00:19:40.33,0.301,A1
1,15,A11,M,00:19:41.22,0.293,A1
1,15,A12,M,00:19:42.10,0.309,A1
1,15,B01,M,00:19:45.44,0.293,A2
1,15,B02,M,00:19:46.33,0.304,A2
1,15,B03,M,00:19:47.21,0.307,A2
1,15,B04,M,00:19:48.10,0.239,B1
1,15,B05,M,00:19:48.99,0.227,B1
1,15,B06,M,00:19:49.88,0.230,B1
1,15,B07,M,00:19:50.77,0.277,B2
1,15,B08,M,00:19:51.66,0.239,B2
1,15,B09,M,00:19:52.55,0.234,B2
1,15,B10,M,00:19:53.44,0.210,B3
1,15,B11,M,00:19:54.33,0.248,B3
1,15,B12,M,00:19:55.21,0.184,B3
1,15,C01,M,00:19:58.55,0.191,B4
1,15,C02,M,00:19:59.44,0.284,B4
1,15,C03,M,00:20:00.33,0.187,B4
1,15,C04,M,00:20:01.21,0.162,C1
1,15,C05,M,00:20:02.10,0.144,C1
1,15,C06,M,00:20:02.99,0.144,C1
1,15,C07,M,00:20:03.88,0.159,C2
1,15,C08,M,00:20:04.77,0.148,C2
1,15,C09,M,00:20:05.66,0.146,C2
1,15,C10,M,00:20:06.55,0.256,D2
1,15,C11,M,00:20:07.44,0.256,D2
1,15,C12,M,00:20:08.33,0.261,D2
1,15,D01,M,00:20:11.66,0.237,D3
1,15,D02,M,00:20:12.55,0.230,D3
1,15,D03,M,00:20:13.44,0.230,D3
1,15,D04,M,00:20:14.32,0.232,A3
1,15,D05,M,00:20:15.21,0.231,A3
1,15,D06,M,00:20:16.10,0.235,A3
1,16,A01,M,00:20:54.76,0.077,GSH 0
1,16,A02,M,00:20:55.66,0.202,GSH 8
1,16,A03,M,00:20:56.55,0.346,GSH 16
1,16,A04,M,00:20:57.44,0.552,GSH 24
1,16,A05,M,00:20:58.32,0.774,GSH 32
1,16,A06,M,00:20:59.21,1.018,GSH 40
1,16,A07,M,00:21:00.10,0.265,PC 2
1,16,A08,M,00:21:00.99,0.120,PC 10
1,16,A09,M,00:21:01.88,0.255,PC 20
1,16,A10,M,00:21:02.77,0.304,A1
1,16,A11,M,00:21:03.66,0.296,A1
1,16,A12,M,00:21:04.55,0.311,A1
1,16,B01,M,00:21:07.88,0.295,A2
1,16,B02,M,00:21:08.77,0.307,A2
1,16,B03,M,00:21:09.66,0.310,A2
1,16,B04,M,00:21:10.55,0.240,B1
1,16,B05,M,00:21:11.44,0.229,B1
1,16,B06,M,00:21:12.32,0.231,B1
1,16,B07,M,00:21:13.21,0.279,B2
1,16,B08,M,00:21:14.10,0.240,B2
1,16,B09,M,00:21:14.99,0.235,B2
1,16,B10,M,00:21:15.88,0.212,B3
1,16,B11,M,00:21:16.77,0.247,B3
1,16,B12,M,00:21:17.66,0.185,B3
1,16,C01,M,00:21:20.99,0.192,B4
1,16,C02,M,00:21:21.88,0.286,B4
1,16,C03,M,00:21:22.77,0.189,B4
1,16,C04,M,00:21:23.66,0.164,C1
1,16,C05,M,00:21:24.55,0.145,C1
1,16,C06,M,00:21:25.44,0.145,C1
1,16,C07,M,00:21:26.32,0.160,C2
1,16,C08,M,00:21:27.21,0.149,C2
1,16,C09,M,00:21:28.10,0.147,C2
1,16,C10,M,00:21:28.99,0.260,D2
1,16,C11,M,00:21:29.88,0.261,D2
1,16,C12,M,00:21:30.77,0.266,D2
1,16,D01,M,00:21:34.10,0.243,D3
1,16,D02,M,00:21:34.99,0.236,D3
1,16,D03,M,00:21:35.88,0.233,D3
1,16,D04,M,00:21:36.77,0.236,A3
1,16,D05,M,00:21:37.66,0.234,A3
1,16,D06,M,00:21:38.55,0.239,A3
1,17,A01,M,00:22:17.20,0.077,GSH 0
1,17,A02,M,00:22:18.10,0.201,GSH 8
1,17,A03,M,00:22:18.99,0.345,GSH 16
1,17,A04,M,00:22:19.88,0.550,GSH 24
1,17,A05,M,00:22:20.77,0.771,GSH 32
1,17,A06,M,00:22:21.66,1.015,GSH 40
1,17,A07,M,00:22:22.54,0.269,PC 2
1,17,A08,M,00:22:23.43,0.122,PC 10
1,17,A09,M,00:22:24.32,0.260,PC 20
1,17,A10,M,00:22:25.21,0.307,A1
1,17,A11,M,00:22:26.10,0.299,A1
1,17,A12,M,00:22:26.99,0.314,A1
1,17,B01,M,00:22:30.32,0.298,A2
1,17,B02,M,00:22:31.21,0.310,A2
1,17,B03,M,00:22:32.10,0.313,A2
1,17,B04,M,00:22:32.99,0.242,B1
1,17,B05,M,00:22:33.88,0.230,B1
1,17,B06,M,00:22:34.77,0.233,B1
1,17,B07,M,00:22:35.66,0.282,B2
1,17,B08,M,00:22:36.54,0.242,B2
1,17,B09,M,00:22:37.43,0.237,B2
1,17,B10,M,00:22:38.32,0.213,B3
1,17,B11,M,00:22:39.21,0.248,B3
1,17,B12,M,00:22:40.10,0.187,B3
1,17,C01,M,00:22:43.44,0.195,B4
1,17,C02,M,00:22:44.32,0.288,B4
1,17,C03,M,00:22:45.21,0.191,B4
1,17,C04,M,00:22:46.10,0.164,C1
1,17,C05,M,00:22:46.99,0.147,C1
1,17,C06,M,00:22:47.88,0.147,C1
1,17,C07,M,00:22:48.77,0.162,C2
1,17,C08,M,00:22:49.66,0.150,C2
1,17,C09,M,00:22:50.54,0.148,C2
1,17,C10,M,00:22:51.43,0.265,D2
1,17,C11,M,00:22:52.32,0.266,D2
1,17,C12,M,00:22:53.21,0.271,D2
1,17,D01,M,00:22:56.55,0.249,D3
1,17,D02,M,00:22:57.43,0.240,D3
1,17,D03,M,00:22:58.32,0.240,D3
1,17,D04,M,00:22:59.21,0.239,A3
1,17,D05,M,00:23:00.10,0.237,A3
1,17,D06,M,00:23:00.99,0.242,A3
1,18,A01,M,00:23:39.64,0.077,GSH 0
1,18,A02,M,00:23:40.54,0.201,GSH 8
1,18,A03,M,00:23:41.43,0.343,GSH 16
1,18,A04,M,00:23:42.32,0.548,GSH 24
1,18,A05,M,00:23:43.21,0.768,GSH 32
1,18,A06,M,00:23:44.10,1.012,GSH 40
1,18,A07,M,00:23:44.99,0.274,PC 2
1,18,A08,M,00:23:45.88,0.123,PC 10
1,18,A09,M,00:23:46.77,0.265,PC 20
1,18,A10,M,00:23:47.65,0.310,A1
1,18,A11,M,00:23:48.54,0.302,A1
1,18,A12,M,00:23:49.43,0.317,A1
1,18,B01,M,00:23:52.77,0.302,A2
1,18,B02,M,00:23:53.65,0.313,A2
1,18,B03,M,00:23:54.54,0.315,A2
1,18,B04,M,00:23:55.43,0.243,B1
1,18,B05,M,00:23:56.32,0.232,B1
1,18,B06,M,00:23:57.21,0.235,B1
1,18,B07,M,00:23:58.10,0.282,B2
1,18,B08,M,00:23:58.99,0.243,B2
1,18,B09,M,00:23:59.88,0.238,B2
1,18,B10,M,00:24:00.77,0.214,B3
1,18,B11,M,00:24:01.65,0.243,B3
1,18,B12,M,00:24:02.54,0.188,B3
1,18,C01,M,00:24:05.88,0.197,B4
1,18,C02,M,00:24:06.77,0.291,B4
1,18,C03,M,00:24:07.65,0.192,B4
1,18,C04,M,00:24:08.54,0.165,C1
1,18,C05,M,00:24:09.43,0.148,C1
1,18,C06,M,00:24:10.32,0.150,C1
1,18,C07,M,00:24:11.21,0.169,C2
1,18,C08,M,00:24:12.10,0.151,C2
1,18,C09,M,00:24:12.99,0.149,C2
1,18,C10,M,00:24:13.88,0.270,D2
1,18,C11,M,00:24:14.77,0.270,D2
1,18,C12,M,00:24:15.65,0.275,D2
1,18,D01,M,00:24:18.99,0.254,D3
1,18,D02,M,00:24:19.88,0.245,D3
1,18,D03,M,00:24:20.77,0.244,D3
1,18,D04,M,00:24:21.65,0.242,A3
1,18,D05,M,00:24:22.54,0.240,A3
1,18,D06,M,00:24:23.43,0.245,A3
1,19,A01,M,00:25:02.09,0.077,GSH 0
1,19,A02,M,00:25:02.99,0.200,GSH 8
1,19,A03,M,00:25:03.88,0.343,GSH 16
1,19,A04,M,00:25:04.76,0.546,GSH 24
1,19,A05,M,00:25:05.65,0.766,GSH 32
1,19,A06,M,00:25:06.54,1.009,GSH 40
1,19,A07,M,00:25:07.43,0.279,PC 2
1,19,A08,M,00:25:08.32,0.124,PC 10
1,19,A09,M,00:25:09.21,0.269,PC 20
1,19,A10,M,00:25:10.10,0.313,A1
1,19,A11,M,00:25:10.99,0.305,A1
1,19,A12,M,00:25:11.88,0.320,A1
1,19,B01,M,00:25:15.21,0.304,A2
1,19,B02,M,00:25:16.10,0.316,A2
1,19,B03,M,00:25:16.99,0.317,A2
1,19,B04,M,00:25:17.88,0.245,B1
1,19,B05,M,00:25:18.76,0.233,B1
1,19,B06,M,00:25:19.65,0.236,B1
1,19,B07,M,00:25:20.54,0.284,B2
1,19,B08,M,00:25:21.43,0.244,B2
1,19,B09,M,00:25:22.32,0.239,B2
1,19,B10,M,00:25:23.21,0.216,B3
1,19,B11,M,00:25:24.10,0.255,B3
1,19,B12,M,00:25:24.99,0.189,B3
1,19,C01,M,00:25:28.32,0.199,B4
1,19,C02,M,00:25:29.21,0.291,B4
1,19,C03,M,00:25:30.10,0.194,B4
1,19,C04,M,00:25:30.99,0.166,C1
1,19,C05,M,00:25:31.87,0.149,C1
1,19,C06,M,00:25:32.76,0.151,C1
1,19,C07,M,00:25:33.65,0.167,C2
1,19,C08,M,00:25:34.54,0.152,C2
1,19,C09,M,00:25:35.43,0.150,C2
1,19,C10,M,00:25:36.32,0.274,D2
1,19,C11,M,00:25:37.21,0.275,D2
1,19,C12,M,00:25:38.10,0.280,D2
1,19,D01,M,00:25:41.43,0.260,D3
1,19,D02,M,00:25:42.32,0.250,D3
1,19,D03,M,00:25:43.21,0.249,D3
1,19,D04,M,00:25:44.10,0.246,A3
1,19,D05,M,00:25:44.99,0.244,A3
1,19,D06,M,00:25:45.87,0.248,A3
1,20,A01,M,00:26:24.48,0.077,GSH 0
1,20,A02,M,00:26:25.37,0.200,GSH 8
1,20,A03,M,00:26:26.26,0.341,GSH 16
1,20,A04,M,00:26:27.15,0.544,GSH 24
1,20,A05,M,00:26:28.04,0.764,GSH 32
1,20,A06,M,00:26:28.93,1.006,GSH 40
1,20,A07,M,00:26:29.82,0.284,PC 2
1,20,A08,M,00:26:30.71,0.125,PC 10
1,20,A09,M,00:26:31.60,0.274,PC 20
1,20,A10,M,00:26:32.49,0.316,A1
1,20,A11,M,00:26:33.37,0.308,A1
1,20,A12,M,00:26:34.26,0.324,A1
1,20,B01,M,00:26:37.60,0.308,A2
1,20,B02,M,00:26:38.49,0.318,A2
1,20,B03,M,00:26:39.37,0.321,A2
1,20,B04,M,00:26:40.26,0.247,B1
1,20,B05,M,00:26:41.15,0.235,B1
1,20,B06,M,00:26:42.04,0.237,B1
1,20,B07,M,00:26:42.93,0.285,B2
1,20,B08,M,00:26:43.82,0.246,B2
1,20,B09,M,00:26:44.71,0.241,B2
1,20,B10,M,00:26:45.60,0.217,B3
1,20,B11,M,00:26:46.49,0.262,B3
1,20,B12,M,00:26:47.37,0.191,B3
1,20,C01,M,00:26:50.71,0.200,B4
1,20,C02,M,00:26:51.60,0.293,B4
1,20,C03,M,00:26:52.48,0.194,B4
1,20,C04,M,00:26:53.37,0.169,C1
1,20,C05,M,00:26:54.26,0.150,C1
1,20,C06,M,00:26:55.15,0.153,C1
1,20,C07,M,00:26:56.04,0.165,C2
1,20,C08,M,00:26:56.93,0.153,C2
1,20,C09,M,00:26:57.82,0.151,C2
1,20,C10,M,00:26:58.71,0.279,D2
1,20,C11,M,00:26:59.60,0.280,D2
1,20,C12,M,00:27:00.49,0.285,D2
1,20,D01,M,00:27:03.82,0.266,D3
1,20,D02,M,00:27:04.71,0.256,D3
1,20,D03,M,00:27:05.60,0.255,D3
1,20,D04,M,00:27:06.48,0.249,A3
1,20,D05,M,00:27:07.37,0.246,A3
1,20,D06,M,00:27:08.26,0.252,A3
1,21,A01,M,00:27:46.92,0.077,GSH 0
1,21,A02,M,00:27:47.82,0.199,GSH 8
1,21,A03,M,00:27:48.71,0.340,GSH 16
1,21,A04,M,00:27:49.60,0.542,GSH 24
1,21,A05,M,00:27:50.48,0.761,GSH 32
1,21,A06,M,00:27:51.37,1.003,GSH 40
1,21,A07,M,00:27:52.26,0.288,PC 2
1,21,A08,M,00:27:53.15,0.127,PC 10
1,21,A09,M,00:27:54.04,0.278,PC 20
1,21,A10,M,00:27:54.93,0.319,A1
1,21,A11,M,00:27:55.82,0.311,A1
1,21,A12,M,00:27:56.71,0.327,A1
1,21,B01,M,00:28:00.04,0.310,A2
1,21,B02,M,00:28:00.93,0.321,A2
1,21,B03,M,00:28:01.82,0.323,A2
1,21,B04,M,00:28:02.71,0.249,B1
1,21,B05,M,00:28:03.59,0.236,B1
1,21,B06,M,00:28:04.48,0.239,B1
1,21,B07,M,00:28:05.37,0.286,B2
1,21,B08,M,00:28:06.26,0.248,B2
1,21,B09,M,00:28:07.15,0.242,B2
1,21,B10,M,00:28:08.04,0.219,B3
1,21,B11,M,00:28:08.93,0.264,B3
1,21,B12,M,00:28:09.82,0.192,B3
1,21,C01,M,00:28:13.15,0.201,B4
1,21,C02,M,00:28:14.04,0.294,B4
1,21,C03,M,00:28:14.93,0.195,B4
1,21,C04,M,00:28:15.82,0.174,C1
1,21,C05,M,00:28:16.71,0.151,C1
1,21,C06,M,00:28:17.59,0.154,C1
1,21,C07,M,00:28:18.48,0.165,C2
1,21,C08,M,00:28:19.37,0.154,C2
1,21,C09,M,00:28:20.26,0.152,C2
1,21,C10,M,00:28:21.15,0.283,D2
1,21,C11,M,00:28:22.04,0.284,D2
1,21,C12,M,00:28:22.93,0.289,D2
1,21,D01,M,00:28:26.26,0.271,D3
1,21,D02,M,00:28:27.15,0.261,D3
1,21,D03,M,00:28:28.04,0.260,D3
1,21,D04,M,00:28:28.93,0.252,A3
1,21,D05,M,00:28:29.82,0.249,A3
1,21,D06,M,00:28:30.71,0.255,A3
1,22,A01,M,00:29:09.31,0.078,GSH 0
1,22,A02,M,00:29:10.20,0.198,GSH 8
1,22,A03,M,00:29:11.09,0.339,GSH 16
1,22,A04,M,00:29:11.98,0.541,GSH 24
1,22,A05,M,00:29:12.87,0.759,GSH 32
1,22,A06,M,00:29:13.76,1.001,GSH 40
1,22,A07,M,00:29:14.65,0.293,PC 2
1,22,A08,M,00:29:15.54,0.128,PC 10
1,22,A09,M,00:29:16.43,0.283,PC 20
1,22,A10,M,00:29:17.32,0.322,A1
1,22,A11,M,00:29:18.21,0.314,A1
1,22,A12,M,00:29:19.09,0.330,A1
1,22,B01,M,00:29:22.43,0.312,A2
1,22,B02,M,00:29:23.32,0.324,A2
1,22,B03,M,00:29:24.20,0.325,A2
1,22,B04,M,00:29:25.09,0.250,B1
1,22,B05,M,00:29:25.98,0.238,B1
1,22,B06,M,00:29:26.87,0.241,B1
1,22,B07,M,00:29:27.76,0.287,B2
1,22,B08,M,00:29:28.65,0.248,B2
1,22,B09,M,00:29:29.54,0.244,B2
1,22,B10,M,00:29:30.43,0.221,B3
1,22,B11,M,00:29:31.32,0.265,B3
1,22,B12,M,00:29:32.20,0.194,B3
1,22,C01,M,00:29:35.54,0.202,B4
1,22,C02,M,00:29:36.43,0.296,B4
1,22,C03,M,00:29:37.32,0.197,B4
1,22,C04,M,00:29:38.20,0.174,C1
1,22,C05,M,00:29:39.09,0.152,C1
1,22,C06,M,00:29:39.98,0.155,C1
1,22,C07,M,00:29:40.87,0.167,C2
1,22,C08,M,00:29:41.76,0.155,C2
1,22,C09,M,00:29:42.65,0.153,C2
1,22,C10,M,00:29:43.54,0.288,D2
1,22,C11,M,00:29:44.43,0.289,D2
1,22,C12,M,00:29:45.32,0.295,D2
1,22,D01,M,00:29:48.65,0.276,D3
1,22,D02,M,00:29:49.54,0.267,D3
1,22,D03,M,00:29:50.43,0.266,D3
1,22,D04,M,00:29:51.32,0.254,A3
1,22,D05,M,00:29:52.20,0.253,A3
1,22,D06,M,00:29:53.09,0.258,A3
1,23,A01,M,00:30:31.69,0.077,GSH 0
1,23,A02,M,00:30:32.59,0.198,GSH 8
1,23,A03,M,00:30:33.48,0.338,GSH 16
1,23,A04,M,00:30:34.37,0.539,GSH 24
1,23,A05,M,00:30:35.26,0.757,GSH 32
1,23,A06,M,00:30:36.15,0.999,GSH 40
1,23,A07,M,00:30:37.04,0.299,PC 2
1,23,A08,M,00:30:37.93,0.130,PC 10
1,23,A09,M,00:30:38.81,0.287,PC 20
1,23,A10,M,00:30:39.70,0.325,A1
1,23,A11,M,00:30:40.59,0.317,A1
1,23,A12,M,00:30:41.48,0.333,A1
1,23,B01,M,00:30:44.82,0.316,A2
1,23,B02,M,00:30:45.70,0.327,A2
1,23,B03,M,00:30:46.59,0.328,A2
1,23,B04,M,00:30:47.48,0.252,B1
1,23,B05,M,00:30:48.37,0.239,B1
1,23,B06,M,00:30:49.26,0.242,B1
1,23,B07,M,00:30:50.15,0.289,B2
1,23,B08,M,00:30:51.04,0.250,B2
1,23,B09,M,00:30:51.93,0.245,B2
1,23,B10,M,00:30:52.81,0.222,B3
1,23,B11,M,00:30:53.70,0.266,B3
1,23,B12,M,00:30:54.59,0.195,B3
1,23,C01,M,00:30:57.93,0.202,B4
1,23,C02,M,00:30:58.81,0.295,B4
1,23,C03,M,00:30:59.70,0.199,B4
1,23,C04,M,00:31:00.59,0.177,C1
1,23,C05,M,00:31:01.48,0.154,C1
1,23,C06,M,00:31:02.37,0.156,C1
1,23,C07,M,00:31:03.26,0.172,C2
1,23,C08,M,00:31:04.15,0.156,C2
1,23,C09,M,00:31:05.04,0.154,C2
1,23,C10,M,00:31:05.93,0.293,D2
1,23,C11,M,00:31:06.81,0.293,D2
1,23,C12,M,00:31:07.70,0.299,D2
1,23,D01,M,00:31:11.04,0.282,D3
1,23,D02,M,00:31:11.92,0.271,D3
1,23,D03,M,00:31:12.81,0.270,D3
1,23,D04,M,00:31:13.70,0.257,A3
1,23,D05,M,00:31:14.59,0.255,A3
1,23,D06,M,00:31:15.48,0.261,A3
1,24,A01,M,00:31:54.14,0.077,GSH 0
1,24,A02,M,00:31:55.04,0.197,GSH 8
1,24,A03,M,00:31:55.92,0.337,GSH 16
1,24,A04,M,00:31:56.81,0.537,GSH 24
1,24,A05,M,00:31:57.70,0.754,GSH 32
1,24,A06,M,00:31:58.59,0.995,GSH 40
1,24,A07,M,00:31:59.48,0.303,PC 2
1,24,A08,M,00:32:00.37,0.131,PC 10
1,24,A09,M,00:32:01.26,0.292,PC 20
1,24,A10,M,00:32:02.15,0.328,A1
1,24,A11,M,00:32:03.04,0.320,A1
1,24,A12,M,00:32:03.92,0.336,A1
1,24,B01,M,00:32:07.26,0.319,A2
1,24,B02,M,00:32:08.15,0.329,A2
1,24,B03,M,00:32:09.04,0.331,A2
1,24,B04,M,00:32:09.92,0.253,B1
1,24,B05,M,00:32:10.81,0.240,B1
1,24,B06,M,00:32:11.70,0.244,B1
1,24,B07,M,00:32:12.59,0.290,B2
1,24,B08,M,00:32:13.48,0.251,B2
1,24,B09,M,00:32:14.37,0.246,B2
1,24,B10,M,00:32:15.26,0.223,B3
1,24,B11,M,00:32:16.15,0.237,B3
1,24,B12,M,00:32:17.04,0.196,B3
1,24,C01,M,00:32:20.37,0.203,B4
1,24,C02,M,00:32:21.26,0.298,B4
1,24,C03,M,00:32:22.15,0.200,B4
1,24,C04,M,00:32:23.03,0.172,C1
1,24,C05,M,00:32:23.92,0.155,C1
1,24,C06,M,00:32:24.81,0.157,C1
1,24,C07,M,00:32:25.70,0.175,C2
1,24,C08,M,00:32:26.59,0.157,C2
1,24,C09,M,00:32:27.48,0.155,C2
1,24,C10,M,00:32:28.37,0.297,D2
1,24,C11,M,00:32:29.26,0.298,D2
1,24,C12,M,00:32:30.15,0.304,D2
1,24,D01,M,00:32:33.48,0.287,D3
1,24,D02,M,00:32:34.37,0.276,D3
1,24,D03,M,00:32:35.26,0.275,D3
1,24,D04,M,00:32:36.15,0.260,A3
1,24,D05,M,00:32:37.03,0.258,A3
1,24,D06,M,00:32:37.92,0.264,A3
1,25,A01,M,00:33:16.52,0.077,GSH 0
1,25,A02,M,00:33:17.42,0.197,GSH 8
1,25,A03,M,00:33:18.31,0.336,GSH 16
1,25,A04,M,00:33:19.20,0.536,GSH 24
1,25,A05,M,00:33:20.09,0.752,GSH 32
1,25,A06,M,00:33:20.98,0.993,GSH 40
1,25,A07,M,00:33:21.87,0.308,PC 2
1,25,A08,M,00:33:22.76,0.133,PC 10
1,25,A09,M,00:33:23.65,0.296,PC 20
1,25,A10,M,00:33:24.53,0.330,A1
1,25,A11,M,00:33:25.42,0.323,A1
1,25,A12,M,00:33:26.31,0.339,A1
1,25,B01,M,00:33:29.65,0.322,A2
1,25,B02,M,00:33:30.53,0.332,A2
1,25,B03,M,00:33:31.42,0.333,A2
1,25,B04,M,00:33:32.31,0.255,B1
1,25,B05,M,00:33:33.20,0.242,B1
1,25,B06,M,00:33:34.09,0.245,B1
1,25,B07,M,00:33:34.98,0.291,B2
1,25,B08,M,00:33:35.87,0.252,B2
1,25,B09,M,00:33:36.76,0.247,B2
1,25,B10,M,00:33:37.65,0.225,B3
1,25,B11,M,00:33:38.53,0.237,B3
1,25,B12,M,00:33:39.42,0.198,B3
1,25,C01,M,00:33:42.76,0.205,B4
1,25,C02,M,00:33:43.65,0.299,B4
1,25,C03,M,00:33:44.53,0.201,B4
1,25,C04,M,00:33:45.42,0.171,C1
1,25,C05,M,00:33:46.31,0.156,C1
1,25,C06,M,00:33:47.20,0.158,C1
1,25,C07,M,00:33:48.09,0.175,C2
1,25,C08,M,00:33:48.98,0.158,C2
1,25,C09,M,00:33:49.87,0.156,C2
1,25,C10,M,00:33:50.76,0.301,D2
1,25,C11,M,00:33:51.65,0.302,D2
1,25,C12,M,00:33:52.53,0.308,D2
1,25,D01,M,00:33:55.87,0.293,D3
1,25,D02,M,00:33:56.76,0.281,D3
1,25,D03,M,00:33:57.64,0.280,D3
1,25,D04,M,00:33:58.53,0.263,A3
1,25,D05,M,00:33:59.42,0.261,A3
1,25,D06,M,00:34:00.31,0.267,A3
1,26,A01,M,00:34:38.86,0.077,GSH 0
1,26,A02,M,00:34:39.75,0.196,GSH 8
1,26,A03,M,00:34:40.64,0.334,GSH 16
1,26,A04,M,00:34:41.53,0.534,GSH 24
1,26,A05,M,00:34:42.42,0.749,GSH 32
1,26,A06,M,00:34:43.31,0.989,GSH 40
1,26,A07,M,00:34:44.20,0.313,PC 2
1,26,A08,M,00:34:45.09,0.134,PC 10
1,26,A09,M,00:34:45.98,0.300,PC 20
1,26,A10,M,00:34:46.87,0.333,A1
1,26,A11,M,00:34:47.76,0.325,A1
1,26,A12,M,00:34:48.64,0.341,A1
1,26,B01,M,00:34:51.98,0.325,A2
1,26,B02,M,00:34:52.87,0.334,A2
1,26,B03,M,00:34:53.75,0.335,A2
1,26,B04,M,00:34:54.64,0.257,B1
1,26,B05,M,00:34:55.53,0.243,B1
1,26,B06,M,00:34:56.42,0.246,B1
1,26,B07,M,00:34:57.31,0.293,B2
1,26,B08,M,00:34:58.20,0.254,B2
1,26,B09,M,00:34:59.09,0.249,B2
1,26,B10,M,00:34:59.98,0.226,B3
1,26,B11,M,00:35:00.87,0.239,B3
1,26,B12,M,00:35:01.75,0.199,B3
1,26,C01,M,00:35:05.09,0.206,B4
1,26,C02,M,00:35:05.98,0.301,B4
1,26,C03,M,00:35:06.87,0.202,B4
1,26,C04,M,00:35:07.75,0.186,C1
1,26,C05,M,00:35:08.64,0.157,C1
1,26,C06,M,00:35:09.53,0.159,C1
1,26,C07,M,00:35:10.42,0.170,C2
1,26,C08,M,00:35:11.31,0.159,C2
1,26,C09,M,00:35:12.20,0.157,C2
1,26,C10,M,00:35:13.09,0.306,D2
1,26,C11,M,00:35:13.98,0.306,D2
1,26,C12,M,00:35:14.87,0.313,D2
1,26,D01,M,00:35:18.20,0.298,D3
1,26,D02,M,00:35:19.09,0.287,D3
1,26,D03,M,00:35:19.98,0.285,D3
1,26,D04,M,00:35:20.87,0.266,A3
1,26,D05,M,00:35:21.75,0.264,A3
1,26,D06,M,00:35:22.64,0.270,A3
1,27,A01,M,00:36:01.30,0.077,GSH 0
1,27,A02,M,00:36:02.20,0.196,GSH 8
1,27,A03,M,00:36:03.09,0.334,GSH 16
1,27,A04,M,00:36:03.98,0.532,GSH 24
1,27,A05,M,00:36:04.86,0.748,GSH 32
1,27,A06,M,00:36:05.75,0.987,GSH 40
1,27,A07,M,00:36:06.64,0.318,PC 2
1,27,A08,M,00:36:07.53,0.135,PC 10
1,27,A09,M,00:36:08.42,0.305,PC 20
1,27,A10,M,00:36:09.31,0.336,A1
1,27,A11,M,00:36:10.20,0.329,A1
1,27,A12,M,00:36:11.09,0.345,A1
1,27,B01,M,00:36:14.42,0.327,A2
1,27,B02,M,00:36:15.31,0.337,A2
1,27,B03,M,00:36:16.20,0.338,A2
1,27,B04,M,00:36:17.09,0.258,B1
1,27,B05,M,00:36:17.98,0.245,B1
1,27,B06,M,00:36:18.86,0.248,B1
1,27,B07,M,00:36:19.75,0.295,B2
1,27,B08,M,00:36:20.64,0.255,B2
1,27,B09,M,00:36:21.53,0.250,B2
1,27,B10,M,00:36:22.42,0.227,B3
1,27,B11,M,00:36:23.31,0.241,B3
1,27,B12,M,00:36:24.20,0.200,B3
1,27,C01,M,00:36:27.53,0.207,B4
1,27,C02,M,00:36:28.42,0.303,B4
1,27,C03,M,00:36:29.31,0.202,B4
1,27,C04,M,00:36:30.20,0.188,C1
1,27,C05,M,00:36:31.09,0.158,C1
1,27,C06,M,00:36:31.98,0.159,C1
1,27,C07,M,00:36:32.86,0.172,C2
1,27,C08,M,00:36:33.75,0.159,C2
1,27,C09,M,00:36:34.64,0.158,C2
1,27,C10,M,00:36:35.53,0.310,D2
1,27,C11,M,00:36:36.42,0.311,D2
1,27,C12,M,00:36:37.31,0.317,D2
1,27,D01,M,00:36:40.64,0.304,D3
1,27,D02,M,00:36:41.53,0.292,D3
1,27,D03,M,00:36:42.42,0.290,D3
1,27,D04,M,00:36:43.31,0.269,A3
1,27,D05,M,00:36:44.20,0.267,A3
1,27,D06,M,00:36:45.09,0.273,A3
1,28,A01,M,00:37:23.63,0.077,GSH 0
1,28,A02,M,00:37:24.53,0.195,GSH 8
1,28,A03,M,00:37:25.42,0.332,GSH 16
1,28,A04,M,00:37:26.31,0.531,GSH 24
1,28,A05,M,00:37:27.20,0.746,GSH 32
1,28,A06,M,00:37:28.09,0.985,GSH 40
1,28,A07,M,00:37:28.97,0.323,PC 2
1,28,A08,M,00:37:29.86,0.137,PC 10
1,28,A09,M,00:37:30.75,0.309,PC 20
1,28,A10,M,00:37:31.64,0.339,A1
1,28,A11,M,00:37:32.53,0.332,A1
1,28,A12,M,00:37:33.42,0.348,A1
1,28,B01,M,00:37:36.75,0.327,A2
1,28,B02,M,00:37:37.64,0.339,A2
1,28,B03,M,00:37:38.53,0.341,A2
1,28,B04,M,00:37:39.42,0.259,B1
1,28,B05,M,00:37:40.31,0.246,B1
1,28,B06,M,00:37:41.20,0.250,B1
1,28,B07,M,00:37:42.09,0.298,B2
1,28,B08,M,00:37:42.97,0.257,B2
1,28,B09,M,00:37:43.86,0.251,B2
1,28,B10,M,00:37:44.75,0.229,B3
1,28,B11,M,00:37:45.64,0.269,B3
1,28,B12,M,00:37:46.53,0.201,B3
1,28,C01,M,00:37:49.86,0.209,B4
1,28,C02,M,00:37:50.75,0.299,B4
1,28,C03,M,00:37:51.64,0.204,B4
1,28,C04,M,00:37:52.53,0.190,C1
1,28,C05,M,00:37:53.42,0.159,C1
1,28,C06,M,00:37:54.31,0.160,C1
1,28,C07,M,00:37:55.20,0.172,C2
1,28,C08,M,00:37:56.08,0.160,C2
1,28,C09,M,00:37:56.97,0.159,C2
1,28,C10,M,00:37:57.86,0.315,D2
1,28,C11,M,00:37:58.75,0.315,D2
1,28,C12,M,00:37:59.64,0.321,D2
1,28,D01,M,00:38:02.97,0.309,D3
1,28,D02,M,00:38:03.86,0.296,D3
1,28,D03,M,00:38:04.75,0.294,D3
1,28,D04,M,00:38:05.64,0.272,A3
1,28,D05,M,00:38:06.53,0.270,A3
1,28,D06,M,00:38:07.42,0.276,A3
1,29,A01,M,00:38:46.07,0.077,GSH 0
1,29,A02,M,00:38:46.97,0.195,GSH 8
1,29,A03,M,00:38:47.86,0.331,GSH 16
1,29,A04,M,00:38:48.75,0.528,GSH 24
1,29,A05,M,00:38:49.64,0.743,GSH 32
1,29,A06,M,00:38:50.53,0.981,GSH 40
1,29,A07,M,00:38:51.42,0.327,PC 2
1,29,A08,M,00:38:52.31,0.138,PC 10
1,29,A09,M,00:38:53.20,0.314,PC 20
1,29,A10,M,00:38:54.08,0.342,A1
1,29,A11,M,00:38:54.97,0.334,A1
1,29,A12,M,00:38:55.86,0.350,A1
1,29,B01,M,00:38:59.20,0.332,A2
1,29,B02,M,00:39:00.08,0.342,A2
1,29,B03,M,00:39:00.97,0.343,A2
1,29,B04,M,00:39:01.86,0.261,B1
1,29,B05,M,00:39:02.75,0.248,B1
1,29,B06,M,00:39:03.64,0.251,B1
1,29,B07,M,00:39:04.53,0.300,B2
1,29,B08,M,00:39:05.42,0.258,B2
1,29,B09,M,00:39:06.31,0.253,B2
1,29,B10,M,00:39:07.20,0.230,B3
1,29,B11,M,00:39:08.08,0.272,B3
1,29,B12,M,00:39:08.97,0.203,B3
1,29,C01,M,00:39:12.31,0.210,B4
1,29,C02,M,00:39:13.20,0.301,B4
1,29,C03,M,00:39:14.08,0.206,B4
1,29,C04,M,00:39:14.97,0.191,C1
1,29,C05,M,00:39:15.86,0.160,C1
1,29,C06,M,00:39:16.75,0.161,C1
1,29,C07,M,00:39:17.64,0.173,C2
1,29,C08,M,00:39:18.53,0.161,C2
1,29,C09,M,00:39:19.42,0.160,C2
1,29,C10,M,00:39:20.31,0.319,D2
1,29,C11,M,00:39:21.20,0.320,D2
1,29,C12,M,00:39:22.08,0.326,D2
1,29,D01,M,00:39:25.42,0.315,D3
1,29,D02,M,00:39:26.31,0.302,D3
1,29,D03,M,00:39:27.19,0.300,D3
1,29,D04,M,00:39:28.08,0.275,A3
1,29,D05,M,00:39:28.97,0.273,A3
1,29,D06,M,00:39:29.86,0.279,A3
1,30,A01,M,00:40:08.52,0.077,GSH 0
1,30,A02,M,00:40:09.42,0.194,GSH 8
1,30,A03,M,00:40:10.31,0.330,GSH 16
1,30,A04,M,00:40:11.19,0.527,GSH 24
1,30,A05,M,00:40:12.08,0.741,GSH 32
1,30,A06,M,00:40:12.97,0.979,GSH 40
1,30,A07,M,00:40:13.86,0.332,PC 2
1,30,A08,M,00:40:14.75,0.140,PC 10
1,30,A09,M,00:40:15.64,0.318,PC 20
1,30,A10,M,00:40:16.53,0.345,A1
1,30,A11,M,00:40:17.42,0.338,A1
1,30,A12,M,00:40:18.31,0.353,A1
1,30,B01,M,00:40:21.64,0.333,A2
1,30,B02,M,00:40:22.53,0.345,A2
1,30,B03,M,00:40:23.42,0.345,A2
1,30,B04,M,00:40:24.30,0.262,B1
1,30,B05,M,00:40:25.19,0.249,B1
1,30,B06,M,00:40:26.08,0.252,B1
1,30,B07,M,00:40:26.97,0.302,B2
1,30,B08,M,00:40:27.86,0.259,B2
1,30,B09,M,00:40:28.75,0.254,B2
1,30,B10,M,00:40:29.64,0.232,B3
1,30,B11,M,00:40:30.53,0.271,B3
1,30,B12,M,00:40:31.42,0.204,B3
1,30,C01,M,00:40:34.75,0.211,B4
1,30,C02,M,00:40:35.64,0.304,B4
1,30,C03,M,00:40:36.53,0.207,B4
1,30,C04,M,00:40:37.42,0.196,C1
1,30,C05,M,00:40:38.30,0.161,C1
1,30,C06,M,00:40:39.19,0.162,C1
1,30,C07,M,00:40:40.08,0.175,C2
1,30,C08,M,00:40:40.97,0.163,C2
1,30,C09,M,00:40:41.86,0.160,C2
1,30,C10,M,00:40:42.75,0.323,D2
1,30,C11,M,00:40:43.64,0.324,D2
1,30,C12,M,00:40:44.53,0.331,D2
1,30,D01,M,00:40:47.86,0.321,D3
1,30,D02,M,00:40:48.75,0.307,D3
1,30,D03,M,00:40:49.64,0.305,D3
1,30,D04,M,00:40:50.53,0.278,A3
1,30,D05,M,00:40:51.42,0.276,A3
1,30,D06,M,00:40:52.30,0.281,A3